frame,iou_live
0,0.9873
1,0.9825
2,0.9854
3,0.9851
4,0.9853
5,0.9815
6,0.9843
7,0.9837
8,0.9810
9,0.9790
10,0.9783
11,0.9868
12,0.9652
13,0.9617
14,0.9752
15,0.9721
16,0.9674
17,0.9475
18,0.9532
19,0.9208
20,0.9733
21,0.9602
22,0.9536
23,0.9570
24,0.9690
25,0.9488
26,0.9558
27,0.9475
28,0.9454
29,0.9500
30,0.9514
31,0.9559
32,0.9564
33,0.9594
34,0.9570
35,0.9625
36,0.9537
37,0.9505
38,0.9595
39,0.9573
40,0.9564
41,0.9670
42,0.9641
43,0.9480
44,0.9553
45,0.9550
46,0.9663
47,0.9620
48,0.9673
49,0.9651
50,0.9454
51,0.9191
52,0.9210
53,0.9435
54,0.9683
55,0.9666
56,0.9762
57,0.9670
58,0.9700
59,0.9849
60,0.9818
61,0.9826
62,0.9807
63,0.9817
64,0.9806
65,0.9836
66,0.9834
67,0.9840
68,0.9787
69,0.9819
70,0.9800
71,0.9834
72,0.9802
73,0.9816
74,0.9831
75,0.9858
76,0.9835
77,0.9819
78,0.9706
79,0.9761
80,0.9738
81,0.9693
82,0.9610
83,0.9368
84,0.9268
85,0.9306
86,0.9314
87,0.9319
88,0.9341
89,0.9805
90,0.9804
91,0.9756
92,0.9786
93,0.9751
94,0.9637
95,0.9504
96,0.9363
97,0.9146
98,0.9708
99,0.9522
100,0.9462
101,0.9518
102,0.9473
103,0.9321
104,0.9475
105,0.9458
106,0.9301
107,0.9737
108,0.9704
109,0.9670
110,0.9609
111,0.9228
112,0.8837
113,0.9479
114,0.9276
115,0.9295
116,0.9470
117,0.9489
118,0.9492
119,0.9300
120,0.9173
121,0.9009
122,0.9540
123,0.9422
124,0.9419
125,0.9544
126,0.9501
127,0.9444
128,0.9676
129,0.9633
130,0.9577
131,0.9748
132,0.9699
133,0.9668
134,0.9804
135,0.9764
136,0.9676
137,0.9621
138,0.9648
139,0.9576
140,0.9742
141,0.9765
142,0.9687
143,0.9655
144,0.9620
145,0.9634
146,0.9685
147,0.9630
148,0.9532
149,0.9763
150,0.9739
151,0.9691
152,0.9851
153,0.9798
154,0.9772
155,0.9770
156,0.9753
157,0.9705
158,0.9676
159,0.9603
160,0.9561
161,0.9609
162,0.9518
163,0.9522
164,0.9556
165,0.9511
166,0.9435
167,0.9758
168,0.9733
169,0.9613
170,0.9687
171,0.9733
172,0.9718
173,0.9758
174,0.9556
175,0.9601
176,0.9746
177,0.9628
178,0.9599
179,0.9666
180,0.9400
181,0.8892
182,0.8489
183,0.8338
184,0.8508
185,0.9230
186,0.9180
187,0.8980
188,0.9116
189,0.8857
190,0.8689
191,0.9486
192,0.9318
193,0.9278
194,0.9566
195,0.9308
196,0.8907
197,0.8957
198,0.8696
199,0.8334
200,0.8878
201,0.8653
202,0.8084
203,0.8261
204,0.7691
205,0.7108
206,0.9281
207,0.9087
208,0.9088
209,0.9721
210,0.9628
211,0.9302
212,0.8286
213,0.7879
214,0.7549
215,0.9689
216,0.9619
217,0.9528
218,0.9668
219,0.9612
220,0.9545
221,0.9758
222,0.9585
223,0.9659
224,0.9485
225,0.9414
226,0.9462
227,0.9620
228,0.9385
229,0.9334
230,0.9467
231,0.9491
232,0.9455
233,0.9706
234,0.9586
235,0.9567
236,0.9734
237,0.9680
238,0.9603
239,0.9733
240,0.9606
241,0.9481
242,0.9496
243,0.9529
244,0.9557
245,0.9696
246,0.9611
247,0.9463
248,0.9616
249,0.9600
250,0.9540
251,0.9658
252,0.9616
253,0.9575
254,0.9597
255,0.9496
256,0.9568
257,0.9577
258,0.9637
259,0.9581
260,0.9698
261,0.9657
262,0.9596
263,0.9644
264,0.9658
265,0.9706
266,0.9567
267,0.9639
268,0.9639
269,0.9609
270,0.9613
271,0.9559
272,0.9696
273,0.9680
274,0.9638
275,0.9643
276,0.9608
277,0.9568
278,0.9619
279,0.9575
280,0.9563
281,0.9584
282,0.9563
283,0.9522
284,0.9543
285,0.9552
286,0.9519
287,0.9541
288,0.9546
289,0.9494
290,0.9514
291,0.9463
292,0.9395
293,0.9409
294,0.9320
295,0.9252
296,0.9265
297,0.9278
298,0.9106
299,0.9258
300,0.9279
301,0.9228
302,0.9422
303,0.9407
304,0.9437
305,0.9671
306,0.9633
307,0.9586
308,0.9026
309,0.8840
310,0.8527
311,0.9417
312,0.9430
313,0.9453
314,0.9489
315,0.9397
316,0.9435
317,0.9419
318,0.9399
319,0.9542
320,0.9677
321,0.9671
322,0.9717
323,0.9794
324,0.9721
325,0.9674
326,0.9722
327,0.9762
328,0.9771
329,0.9799
330,0.9745
331,0.9771
332,0.9838
333,0.9772
334,0.9791
335,0.9811
336,0.9796
337,0.9830
338,0.9833
339,0.9789
340,0.9813
341,0.9742
342,0.9757
343,0.9702
344,0.9794
345,0.9774
346,0.9815
347,0.9828
348,0.9787
349,0.9769
350,0.9765
351,0.9729
352,0.9693
353,0.9783
354,0.9776
355,0.9761
356,0.9813
357,0.9793
358,0.9780
359,0.9831
360,0.9834
361,0.9811
362,0.9779
363,0.9809
364,0.9752
365,0.9791
366,0.9791
367,0.9848
368,0.9814
369,0.9828
370,0.9831
371,0.9838
372,0.9858
373,0.9828
374,0.9848
375,0.9806
376,0.9857
377,0.9831
378,0.9847
379,0.9767
380,0.9702
381,0.9718
382,0.9712
383,0.9711
384,0.9698
385,0.9700
386,0.9700
387,0.9685
388,0.9694
389,0.9699
390,0.9690
391,0.9678
392,0.9687
393,0.9702
394,0.9719
395,0.9832
396,0.9897
397,0.9897
398,0.9897
399,0.9891
400,0.9872
401,0.9909
402,0.9881
403,0.9757
404,0.9328
405,0.9514
406,0.9595
407,0.9052
408,0.8931
409,0.8775
410,0.9859
411,0.8954
412,0.9112
413,0.8498
414,0.8130
415,0.7891
416,0.9007
417,0.9270
418,0.9450
419,0.8863
420,0.8328
421,0.8340
422,0.8770
423,0.8308
424,0.8201
425,0.9311
426,0.8768
427,0.8364
428,0.9331
429,0.9274
430,0.9083
431,0.9434
432,0.9430
433,0.9432
434,0.9757
435,0.9695
436,0.9619
437,0.9831
438,0.9830
439,0.9823
440,0.9850
441,0.9824
442,0.9809
443,0.9834
444,0.9791
445,0.9747
446,0.9756
447,0.9657
448,0.9685
449,0.9598
450,0.9551
451,0.9566
452,0.9294
453,0.9301
454,0.9437
455,0.9561
456,0.9624
457,0.9705
458,0.9630
459,0.9574
460,0.9537
461,0.9471
462,0.9522
463,0.9437
464,0.9615
465,0.9564
466,0.9542
467,0.9499
468,0.9522
469,0.9536
470,0.9556
471,0.9447
472,0.9544
473,0.9510
474,0.9595
475,0.9528
476,0.9582
477,0.9554
478,0.9525
479,0.9553
480,0.9601
481,0.9483
482,0.9492
483,0.9469
484,0.9525
485,0.9525
486,0.9480
487,0.9583
488,0.9659
489,0.9618
490,0.9681
491,0.9710
492,0.9683
493,0.9627
494,0.9728
495,0.9687
496,0.9690
497,0.9723
498,0.9677
499,0.9655
500,0.9713
501,0.9693
502,0.9709
503,0.9731
504,0.9737
505,0.9675
506,0.9706
507,0.9714
508,0.9664
509,0.9657
510,0.9783
511,0.9711
512,0.9817
513,0.9802
514,0.9796
515,0.9824
516,0.9781
517,0.9760
518,0.9778
519,0.9760
520,0.9810
521,0.9851
522,0.9810
523,0.9826
524,0.9820
525,0.9845
526,0.9819
527,0.9883
528,0.9845
529,0.9842
530,0.9873
531,0.9850
532,0.9852
