frame,iou_outline,iou_shown
0,0.9877,0.9872
1,0.9838,0.9845
2,0.9896,0.9880
3,0.9880,0.9853
4,0.9877,0.9860
5,0.9890,0.9833
6,0.9881,0.9869
7,0.9874,0.9855
8,0.9894,0.9856
9,0.9895,0.9818
10,0.9901,0.9823
11,0.9898,0.9841
12,0.9884,0.9836
13,0.9891,0.9854
14,0.9901,0.9854
15,0.9884,0.9834
16,0.9847,0.9783
17,0.9745,0.9723
18,0.9882,0.9834
19,0.9869,0.9771
20,0.9898,0.9845
21,0.9778,0.9720
22,0.9760,0.9726
23,0.9733,0.9694
24,0.9871,0.9856
25,0.9706,0.9660
26,0.9640,0.9620
27,0.9587,0.9521
28,0.9627,0.9591
29,0.9624,0.9600
30,0.9606,0.9527
31,0.9655,0.9524
32,0.9687,0.9520
33,0.9688,0.9627
34,0.9703,0.9652
35,0.9703,0.9646
36,0.9673,0.9498
37,0.9675,0.9563
38,0.9660,0.9614
39,0.9673,0.9608
40,0.9683,0.9582
41,0.9669,0.9590
42,0.9682,0.9655
43,0.9680,0.9616
44,0.9680,0.9642
45,0.9844,0.9753
46,0.9877,0.9872
47,0.9903,0.9841
48,0.9820,0.9831
49,0.9893,0.9765
50,0.9646,0.9556
51,0.9797,0.9774
52,0.9870,0.9729
53,0.9871,0.9722
54,0.9894,0.9553
55,0.9903,0.9721
56,0.9887,0.9811
57,0.9794,0.9753
58,0.9895,0.9846
59,0.9893,0.9849
60,0.9882,0.9806
61,0.9808,0.9806
62,0.9856,0.9852
63,0.9882,0.9862
64,0.9818,0.9788
65,0.9790,0.9797
66,0.9860,0.9845
67,0.9854,0.9849
68,0.9875,0.9850
69,0.9854,0.9855
70,0.9848,0.9847
71,0.9851,0.9779
72,0.9864,0.9773
73,0.9860,0.9759
74,0.9857,0.9832
75,0.9795,0.9779
76,0.9864,0.9845
77,0.9796,0.9803
78,0.9850,0.9846
79,0.9771,0.9747
80,0.9877,0.9816
81,0.9882,0.9707
82,0.9876,0.9709
83,0.9877,0.9737
84,0.9890,0.9827
85,0.9881,0.9811
86,0.9907,0.9827
87,0.9911,0.9870
88,0.9885,0.9798
89,0.9906,0.9874
90,0.9895,0.9836
91,0.9887,0.9850
92,0.9878,0.9862
93,0.9899,0.9840
94,0.9905,0.9858
95,0.9898,0.9877
96,0.9866,0.9839
97,0.9895,0.9848
98,0.9898,0.9844
99,0.9851,0.9778
100,0.9881,0.9808
101,0.9864,0.9781
102,0.9901,0.9829
103,0.9916,0.9862
104,0.9917,0.9852
105,0.9899,0.9796
106,0.9875,0.9788
107,0.9911,0.9877
108,0.9915,0.9818
109,0.9920,0.9716
110,0.9908,0.9828
111,0.9916,0.9831
112,0.9915,0.9822
113,0.9914,0.9806
114,0.9904,0.9825
115,0.9894,0.9828
116,0.9906,0.9822
117,0.9893,0.9842
118,0.9889,0.9721
119,0.9881,0.9750
120,0.9872,0.9749
121,0.9870,0.9802
122,0.9890,0.9768
123,0.9883,0.9828
124,0.9925,0.9825
125,0.9912,0.9841
126,0.9906,0.9851
127,0.9882,0.9818
128,0.9871,0.9733
129,0.9874,0.9747
130,0.9852,0.9774
131,0.9883,0.9807
132,0.9887,0.9839
133,0.9909,0.9846
134,0.9885,0.9865
135,0.9853,0.9812
136,0.9892,0.9770
137,0.9904,0.9836
138,0.9902,0.9860
139,0.9886,0.9829
140,0.9896,0.9746
141,0.9905,0.9761
142,0.9891,0.9818
143,0.9893,0.9817
144,0.9898,0.9824
145,0.9867,0.9817
146,0.9909,0.9823
147,0.9891,0.9846
148,0.9894,0.9805
149,0.9903,0.9784
150,0.9908,0.9790
151,0.9901,0.9848
152,0.9902,0.9850
153,0.9892,0.9814
154,0.9880,0.9789
155,0.9908,0.9790
156,0.9903,0.9843
157,0.9893,0.9817
158,0.9886,0.9758
159,0.9894,0.9855
160,0.9892,0.9830
161,0.9902,0.9786
162,0.9892,0.9770
163,0.9910,0.9810
164,0.9913,0.9828
165,0.9911,0.9795
166,0.9911,0.9827
167,0.9922,0.9835
168,0.9927,0.9849
169,0.9921,0.9852
170,0.9926,0.9826
171,0.9931,0.9852
172,0.9940,0.9863
173,0.9940,0.9864
174,0.9948,0.9788
175,0.9941,0.9860
176,0.9948,0.9861
177,0.9950,0.9806
178,0.9961,0.9809
179,0.9962,0.9722
180,0.9973,0.9710
181,0.9978,0.9712
182,0.9978,0.9735
183,0.9981,0.9797
184,0.9975,0.9838
185,0.9965,0.9819
186,0.9969,0.9814
187,0.9969,0.9761
188,0.9975,0.9760
189,0.9970,0.9770
190,0.9961,0.9712
191,0.9960,0.9721
192,0.9954,0.9781
193,0.9922,0.9732
194,0.9921,0.9795
195,0.9941,0.9714
196,0.9953,0.9749
197,0.9794,0.9594
198,0.9755,0.9609
199,0.9966,0.9853
200,0.9966,0.9822
201,0.9966,0.9757
202,0.9927,0.9381
203,0.9943,0.9643
204,0.9939,0.9755
205,0.9947,0.9842
206,0.9930,0.9796
207,0.9943,0.9791
208,0.9927,0.9790
209,0.9945,0.9806
210,0.9907,0.9654
211,0.9887,0.9527
212,0.9910,0.9434
213,0.9905,0.9672
214,0.9907,0.9798
215,0.9907,0.9800
216,0.9917,0.9851
217,0.9911,0.9466
218,0.9905,0.9629
219,0.9929,0.9790
220,0.9926,0.9818
221,0.9918,0.9833
222,0.9905,0.9765
223,0.9911,0.9817
224,0.9900,0.9782
225,0.9912,0.9708
226,0.9898,0.9727
227,0.9897,0.9791
228,0.9921,0.9717
229,0.9931,0.9776
230,0.9928,0.9849
231,0.9924,0.9882
232,0.9918,0.9883
233,0.9921,0.9804
234,0.9925,0.9847
235,0.9917,0.9889
236,0.9922,0.9890
237,0.9919,0.9860
238,0.9916,0.9868
239,0.9908,0.9794
240,0.9846,0.9766
241,0.9824,0.9775
242,0.9826,0.9766
243,0.9837,0.9807
244,0.9909,0.9872
245,0.9904,0.9800
246,0.9898,0.9735
247,0.9788,0.9753
248,0.9784,0.9729
249,0.9766,0.9695
250,0.9756,0.9733
251,0.9760,0.9713
252,0.9743,0.9711
253,0.9705,0.9666
254,0.9701,0.9681
255,0.9668,0.9570
256,0.9753,0.9719
257,0.9700,0.9674
258,0.9771,0.9759
259,0.9748,0.9711
260,0.9744,0.9708
261,0.9749,0.9717
262,0.9725,0.9705
263,0.9747,0.9644
264,0.9790,0.9774
265,0.9892,0.9818
266,0.9864,0.9847
267,0.9902,0.9895
268,0.9739,0.9681
269,0.9752,0.9693
270,0.9764,0.9638
271,0.9736,0.9643
272,0.9731,0.9616
273,0.9728,0.9642
274,0.9712,0.9580
275,0.9716,0.9612
276,0.9695,0.9585
277,0.9706,0.9650
278,0.9739,0.9696
279,0.9721,0.9563
280,0.9696,0.9649
281,0.9705,0.9661
282,0.9697,0.9635
283,0.9689,0.9651
284,0.9677,0.9619
285,0.9694,0.9635
286,0.9666,0.9621
287,0.9640,0.9532
288,0.9656,0.9601
289,0.9645,0.9593
290,0.9635,0.9538
291,0.9624,0.9494
292,0.9581,0.9515
293,0.9609,0.9560
294,0.9568,0.9450
295,0.9555,0.9489
296,0.9473,0.9365
297,0.9522,0.9383
298,0.9464,0.9381
299,0.9521,0.9426
300,0.9523,0.9456
301,0.9917,0.9842
302,0.9904,0.9660
303,0.9907,0.9782
304,0.9512,0.9467
305,0.9521,0.9444
306,0.9516,0.9440
307,0.9522,0.9472
308,0.9507,0.9393
309,0.9477,0.9356
310,0.9891,0.9798
311,0.9509,0.9477
312,0.9531,0.9455
313,0.9591,0.9527
314,0.9647,0.9540
315,0.9643,0.9488
316,0.9658,0.9612
317,0.9628,0.9578
318,0.9673,0.9601
319,0.9782,0.9765
320,0.9789,0.9746
321,0.9798,0.9714
322,0.9894,0.9883
323,0.9901,0.9856
324,0.9895,0.9854
325,0.9808,0.9808
326,0.9881,0.9865
327,0.9874,0.9859
328,0.9885,0.9823
329,0.9862,0.9849
330,0.9842,0.9806
331,0.9883,0.9858
332,0.9867,0.9766
333,0.9852,0.9815
334,0.9859,0.9827
335,0.9852,0.9787
336,0.9847,0.9848
337,0.9851,0.9832
338,0.9847,0.9830
339,0.9843,0.9805
340,0.9847,0.9830
341,0.9853,0.9807
342,0.9855,0.9785
343,0.9851,0.9820
344,0.9863,0.9802
345,0.9858,0.9832
346,0.9855,0.9850
347,0.9862,0.9815
348,0.9841,0.9822
349,0.9837,0.9807
350,0.9843,0.9823
351,0.9847,0.9805
352,0.9847,0.9806
353,0.9848,0.9820
354,0.9847,0.9809
355,0.9842,0.9801
356,0.9852,0.9836
357,0.9823,0.9799
358,0.9838,0.9811
359,0.9871,0.9834
360,0.9843,0.9824
361,0.9857,0.9816
362,0.9821,0.9798
363,0.9849,0.9791
364,0.9862,0.9803
365,0.9857,0.9824
366,0.9866,0.9825
367,0.9870,0.9794
368,0.9849,0.9775
369,0.9865,0.9786
370,0.9820,0.9786
371,0.9894,0.9862
372,0.9890,0.9848
373,0.9883,0.9859
374,0.9896,0.9875
375,0.9825,0.9808
376,0.9908,0.9838
377,0.9861,0.9828
378,0.9889,0.9837
379,0.9806,0.9711
380,0.9733,0.9627
381,0.9763,0.9652
382,0.9761,0.9672
383,0.9752,0.9609
384,0.9747,0.9709
385,0.9751,0.9663
386,0.9747,0.9621
387,0.9754,0.9676
388,0.9756,0.9704
389,0.9742,0.9711
390,0.9741,0.9618
391,0.9747,0.9689
392,0.9749,0.9650
393,0.9752,0.9578
394,0.9932,0.9636
395,0.9940,0.9746
396,0.9949,0.9722
397,0.9956,0.9785
398,0.9957,0.9815
399,0.9957,0.9835
400,0.9957,0.9844
401,0.9955,0.9860
402,0.9957,0.9844
403,0.9962,0.9827
404,0.9961,0.9855
405,0.9964,0.9822
406,0.9966,0.9763
407,0.9967,0.9815
408,0.9969,0.9799
409,0.9970,0.9772
410,0.9971,0.9775
411,0.9966,0.9735
412,0.9964,0.9746
413,0.9970,0.9829
414,0.9966,0.9834
415,0.9967,0.9810
416,0.9960,0.9889
417,0.9967,0.9843
418,0.9965,0.9851
419,0.9964,0.9815
420,0.9967,0.9825
421,0.9969,0.9779
422,0.9966,0.9772
423,0.9968,0.9764
424,0.9960,0.9723
425,0.9956,0.9686
426,0.9945,0.9637
427,0.9886,0.9662
428,0.9903,0.9603
429,0.9937,0.9693
430,0.9936,0.9681
431,0.9929,0.9818
432,0.9926,0.9848
433,0.9925,0.9877
434,0.9915,0.9894
435,0.9924,0.9818
436,0.9918,0.9836
437,0.9923,0.9827
438,0.9911,0.9845
439,0.9899,0.9871
440,0.9902,0.9839
441,0.9894,0.9876
442,0.9904,0.9869
443,0.9877,0.9883
444,0.9863,0.9846
445,0.9854,0.9864
446,0.9852,0.9846
447,0.9841,0.9738
448,0.9826,0.9733
449,0.9816,0.9715
450,0.9782,0.9692
451,0.9770,0.9690
452,0.9732,0.9682
453,0.9707,0.9667
454,0.9757,0.9749
455,0.9706,0.9714
456,0.9646,0.9628
457,0.9683,0.9690
458,0.9561,0.9654
459,0.9665,0.9636
460,0.9520,0.9616
461,0.9491,0.9477
462,0.9429,0.9480
463,0.9525,0.9502
464,0.9550,0.9567
465,0.9582,0.9522
466,0.9526,0.9510
467,0.9591,0.9439
468,0.9487,0.9513
469,0.9549,0.9540
470,0.9582,0.9499
471,0.9355,0.9417
472,0.9508,0.9638
473,0.9522,0.9486
474,0.9672,0.9654
475,0.9628,0.9539
476,0.9457,0.9389
477,0.9547,0.9641
478,0.9375,0.9347
479,0.9566,0.9583
480,0.9604,0.9617
481,0.9573,0.9557
482,0.9433,0.9390
483,0.9553,0.9543
484,0.9675,0.9650
485,0.9614,0.9575
486,0.9689,0.9636
487,0.9518,0.9564
488,0.9685,0.9674
489,0.9625,0.9672
490,0.9662,0.9629
491,0.9674,0.9657
492,0.9714,0.9704
493,0.9603,0.9618
494,0.9708,0.9745
495,0.9696,0.9693
496,0.9725,0.9684
497,0.9712,0.9727
498,0.9696,0.9686
499,0.9548,0.9570
500,0.9725,0.9716
501,0.9733,0.9746
502,0.9733,0.9751
503,0.9749,0.9746
504,0.9763,0.9719
505,0.9634,0.9660
506,0.9799,0.9742
507,0.9820,0.9801
508,0.9826,0.9782
509,0.9820,0.9790
510,0.9828,0.9806
511,0.9752,0.9754
512,0.9844,0.9782
513,0.9848,0.9813
514,0.9845,0.9835
515,0.9783,0.9777
516,0.9863,0.9813
517,0.9793,0.9764
518,0.9775,0.9764
519,0.9805,0.9800
520,0.9864,0.9833
521,0.9877,0.9852
522,0.9865,0.9765
523,0.9865,0.9852
524,0.9867,0.9833
525,0.9868,0.9882
526,0.9818,0.9811
527,0.9868,0.9830
528,0.9817,0.9806
529,0.9811,0.9794
530,0.9881,0.9827
531,0.9884,0.9888
532,0.9877,0.9794
